timestamp,symbol,stock_name,current_price,predicted_price,prediction_date,available_factors,total_factors,factors
2026-10-06T17:14:08+01:00,AAOI,"Applied Optoelectronics, Inc.",$127.53,$131.47,2026-10-13,63,64,"Current price=$127.53, Market cap=$7.68B, Enterprise value=$7.53B, 20D avg dollar volume=$945.93M, 1D return=4.9%, 5D return=26.7%, 20D return=14.3%, 63D return=11.4%, 126D return=8.4%, 252D return=356.6%, 63D relative strength vs SPY=0.07, 50DMA=112.17, 200DMA=109.76, Price vs 50DMA=13.7%, Price vs 200DMA=16.2%, Distance from 52W high=-42.8%, Distance from 52W low=554.3%, RSI 14=76.52, 20D realized volatility=74.5%, 60D realized volatility=121.9%, 1Y beta vs SPY=4.32, 1Y correlation vs SPY=40.4%, 1Y max drawdown=-65.7%, 60D downside volatility=75.8%, ATR 14 as % price=6.0%, Prediction date=2026-10-13, Predicted price center=$131.47, 68% prediction low=$118.37, 68% prediction high=$146.02, Revenue=$455.71M, Revenue growth YoY=82.8%, Gross profit=$136.91M, Gross margin=30.0%, Operating income=$-54.60M, Operating margin=-12.0%, Net income=$-38.23M, Net margin=-8.4%, Diluted EPS=-0.64, EPS growth YoY=-114.2%, Operating cash flow=$-174.43M, Capital expenditure=$179.15M, Free cash flow=$-353.58M, FCF margin=-77.6%, CFO / net income=4.56, Total assets=$1.17B, Total liabilities=$434.50M, Shareholders equity=$733.92M, Cash and equivalents=$216.03M, Total debt=$67.95M, Debt / equity=0.09, Cash / assets=18.5%, Liabilities / assets=37.2%, ROA=-3.3%, ROE=-5.2%, P/E=-199.27, P/S=16.84, P/B=10.46, P/FCF=-21.71, EV/Sales=16.52, EV/EBITDA=-137.86, R&D / sales=18.8%, SG&A / sales=Unavailable, Diluted share change YoY=44.9%, Interest coverage=-5.79"
2026-10-06T17:14:08+01:00,AAPL,Apple Inc.,$333.04,$340.32,2026-10-13,64,64,"Current price=$333.04, Market cap=$5.00T, Enterprise value=$5.06T, 20D avg dollar volume=$13.55B, 1D return=0.0%, 5D return=1.1%, 20D return=5.3%, 63D return=6.3%, 126D return=31.4%, 252D return=29.1%, 63D relative strength vs SPY=0.01, 50DMA=322.34, 200DMA=289.76, Price vs 50DMA=3.3%, Price vs 200DMA=14.9%, Distance from 52W high=-2.4%, Distance from 52W low=35.8%, RSI 14=50.78, 20D realized volatility=20.3%, 60D realized volatility=27.5%, 1Y beta vs SPY=0.68, 1Y correlation vs SPY=35.8%, 1Y max drawdown=-13.8%, 60D downside volatility=23.0%, ATR 14 as % price=1.9%, Prediction date=2026-10-13, Predicted price center=$340.32, 68% prediction low=$330.73, 68% prediction high=$350.18, Revenue=$416.16B, Revenue growth YoY=6.4%, Gross profit=$195.20B, Gross margin=46.9%, Operating income=$133.05B, Operating margin=32.0%, Net income=$112.01B, Net margin=26.9%, Diluted EPS=7.46, EPS growth YoY=22.7%, Operating cash flow=$111.48B, Capital expenditure=$12.71B, Free cash flow=$98.77B, FCF margin=23.7%, CFO / net income=1.00, Total assets=$359.24B, Total liabilities=$285.51B, Shareholders equity=$73.73B, Cash and equivalents=$35.93B, Total debt=$103.03B, Debt / equity=1.40, Cash / assets=10.0%, Liabilities / assets=79.5%, ROA=31.2%, ROE=151.9%, P/E=44.64, P/S=12.01, P/B=67.77, P/FCF=50.60, EV/Sales=12.17, EV/EBITDA=34.99, R&D / sales=8.3%, SG&A / sales=6.6%, Diluted share change YoY=-2.6%, Interest coverage=33.83"
2026-10-06T17:14:08+01:00,AMZN,"Amazon.com, Inc.",$255.44,$255.24,2026-10-13,60,64,"Current price=$255.44, Market cap=$2.77T, Enterprise value=$2.75T, 20D avg dollar volume=$8.92B, 1D return=1.6%, 5D return=3.6%, 20D return=-0.6%, 63D return=4.9%, 126D return=19.5%, 252D return=16.4%, 63D relative strength vs SPY=0.00, 50DMA=257.41, 200DMA=241.68, Price vs 50DMA=-0.8%, Price vs 200DMA=5.7%, Distance from 52W high=-10.1%, Distance from 52W low=28.5%, RSI 14=62.82, 20D realized volatility=22.2%, 60D realized volatility=40.4%, 1Y beta vs SPY=1.43, 1Y correlation vs SPY=55.2%, 1Y max drawdown=-21.7%, 60D downside volatility=15.0%, ATR 14 as % price=2.1%, Prediction date=2026-10-13, Predicted price center=$255.24, 68% prediction low=$247.40, 68% prediction high=$263.33, Revenue=$716.92B, Revenue growth YoY=12.4%, Gross profit=$5.53B, Gross margin=0.8%, Operating income=$79.97B, Operating margin=11.2%, Net income=$77.67B, Net margin=10.8%, Diluted EPS=7.17, EPS growth YoY=29.7%, Operating cash flow=$139.51B, Capital expenditure=$131.82B, Free cash flow=$7.70B, FCF margin=1.1%, CFO / net income=1.80, Total assets=$818.04B, Total liabilities=Unavailable, Shareholders equity=$411.06B, Cash and equivalents=$90.11B, Total debt=$71.58B, Debt / equity=0.17, Cash / assets=11.0%, Liabilities / assets=Unavailable, ROA=9.5%, ROE=18.9%, P/E=35.63, P/S=3.86, P/B=6.73, P/FCF=359.41, EV/Sales=3.83, EV/EBITDA=18.85, R&D / sales=Unavailable, SG&A / sales=Unavailable, Diluted share change YoY=1.0%, Interest coverage=25.13"
2026-10-06T17:14:08+01:00,APP,AppLovin Corporation,$280.11,$270.95,2026-10-13,60,64,"Current price=$280.11, Market cap=$95.79B, Enterprise value=$96.82B, 20D avg dollar volume=$1.50B, 1D return=-0.7%, 5D return=-8.4%, 20D return=-10.2%, 63D return=-46.4%, 126D return=-31.8%, 252D return=-59.0%, 63D relative strength vs SPY=-0.51, 50DMA=325.86, 200DMA=452.35, Price vs 50DMA=-14.0%, Price vs 200DMA=-38.1%, Distance from 52W high=-61.8%, Distance from 52W low=4.4%, RSI 14=30.35, 20D realized volatility=52.0%, 60D realized volatility=62.8%, 1Y beta vs SPY=2.13, 1Y correlation vs SPY=36.7%, 1Y max drawdown=-63.4%, 60D downside volatility=57.2%, ATR 14 as % price=5.6%, Prediction date=2026-10-13, Predicted price center=$270.95, 68% prediction low=$251.83, 68% prediction high=$291.53, Revenue=$5.48B, Revenue growth YoY=16.4%, Gross profit=Unavailable, Gross margin=Unavailable, Operating income=$4.15B, Operating margin=75.8%, Net income=$3.33B, Net margin=60.8%, Diluted EPS=9.75, EPS growth YoY=115.2%, Operating cash flow=$3.97B, Capital expenditure=$4.78M, Free cash flow=$3.97B, FCF margin=72.4%, CFO / net income=1.19, Total assets=$7.26B, Total liabilities=$5.12B, Shareholders equity=$2.13B, Cash and equivalents=$2.49B, Total debt=$3.51B, Debt / equity=1.65, Cash / assets=34.3%, Liabilities / assets=70.6%, ROA=45.9%, ROE=156.2%, P/E=28.73, P/S=17.48, P/B=44.87, P/FCF=24.15, EV/Sales=17.66, EV/EBITDA=22.27, R&D / sales=4.1%, SG&A / sales=Unavailable, Diluted share change YoY=-1.7%, Interest coverage=Unavailable"
2026-10-06T17:14:08+01:00,AVGO,Broadcom Inc.,$378.62,$378.84,2026-10-13,64,64,"Current price=$378.62, Market cap=$1.84T, Enterprise value=$1.86T, 20D avg dollar volume=$8.97B, 1D return=4.4%, 5D return=6.6%, 20D return=2.7%, 63D return=-2.6%, 126D return=13.4%, 252D return=11.9%, 63D relative strength vs SPY=-0.07, 50DMA=372.74, 200DMA=367.87, Price vs 50DMA=1.6%, Price vs 200DMA=2.9%, Distance from 52W high=-21.4%, Distance from 52W low=29.0%, RSI 14=70.19, 20D realized volatility=35.8%, 60D realized volatility=38.5%, 1Y beta vs SPY=2.16, 1Y correlation vs SPY=59.8%, 1Y max drawdown=-29.5%, 60D downside volatility=25.9%, ATR 14 as % price=2.8%, Prediction date=2026-10-13, Predicted price center=$378.84, 68% prediction low=$360.18, 68% prediction high=$398.45, Revenue=$63.89B, Revenue growth YoY=23.9%, Gross profit=$43.29B, Gross margin=67.8%, Operating income=$25.48B, Operating margin=39.9%, Net income=$23.13B, Net margin=36.2%, Diluted EPS=4.77, EPS growth YoY=287.8%, Operating cash flow=$27.54B, Capital expenditure=$623.00M, Free cash flow=$26.91B, FCF margin=42.1%, CFO / net income=1.19, Total assets=$171.09B, Total liabilities=$89.80B, Shareholders equity=$81.29B, Cash and equivalents=$16.18B, Total debt=$42.82B, Debt / equity=0.53, Cash / assets=9.5%, Liabilities / assets=52.5%, ROA=13.5%, ROE=28.4%, P/E=79.38, P/S=28.76, P/B=22.60, P/FCF=68.27, EV/Sales=29.18, EV/EBITDA=73.15, R&D / sales=17.2%, SG&A / sales=6.6%, Diluted share change YoY=1.6%, Interest coverage=6.45"
2026-10-06T17:14:08+01:00,BCS,Barclays PLC,$23.82,$23.06,2026-10-13,43,64,"Current price=$23.82, Market cap=Unavailable, Enterprise value=Unavailable, 20D avg dollar volume=$111.76M, 1D return=1.0%, 5D return=-2.8%, 20D return=-11.1%, 63D return=-11.1%, 126D return=8.7%, 252D return=13.6%, 63D relative strength vs SPY=-0.16, 50DMA=26.35, 200DMA=25.14, Price vs 50DMA=-9.6%, Price vs 200DMA=-5.3%, Distance from 52W high=-16.6%, Distance from 52W low=23.0%, RSI 14=33.48, 20D realized volatility=25.1%, 60D realized volatility=29.1%, 1Y beta vs SPY=1.52, 1Y correlation vs SPY=63.3%, 1Y max drawdown=-27.1%, 60D downside volatility=18.4%, ATR 14 as % price=2.2%, Prediction date=2026-10-13, Predicted price center=$23.06, 68% prediction low=$22.26, 68% prediction high=$23.89, Revenue=$9.98B, Revenue growth YoY=Unavailable, Gross profit=Unavailable, Gross margin=Unavailable, Operating income=Unavailable, Operating margin=Unavailable, Net income=$5.32B, Net margin=53.3%, Diluted EPS=0.27, EPS growth YoY=Unavailable, Operating cash flow=$-927.00M, Capital expenditure=Unavailable, Free cash flow=Unavailable, FCF margin=Unavailable, CFO / net income=-0.17, Total assets=$1.48T, Total liabilities=$1.41T, Shareholders equity=$69.26B, Cash and equivalents=$278.79B, Total debt=Unavailable, Debt / equity=Unavailable, Cash / assets=18.9%, Liabilities / assets=95.1%, ROA=0.4%, ROE=7.7%, P/E=88.53, P/S=Unavailable, P/B=Unavailable, P/FCF=Unavailable, EV/Sales=Unavailable, EV/EBITDA=Unavailable, R&D / sales=Unavailable, SG&A / sales=26.1%, Diluted share change YoY=Unavailable, Interest coverage=Unavailable"
2026-10-06T17:14:08+01:00,BTGOF,BT Group plc,$2.55,$2.52,2026-10-13,41,64,"Current price=$2.55, Market cap=Unavailable, Enterprise value=Unavailable, 20D avg dollar volume=$31,148.25, 1D return=3.7%, 5D return=-3.0%, 20D return=-2.7%, 63D return=-0.4%, 126D return=-8.9%, 252D return=4.9%, 63D relative strength vs SPY=-0.05, 50DMA=2.65, 200DMA=2.69, Price vs 50DMA=-3.7%, Price vs 200DMA=-5.1%, Distance from 52W high=-19.8%, Distance from 52W low=14.3%, RSI 14=50.00, 20D realized volatility=60.1%, 60D realized volatility=49.6%, 1Y beta vs SPY=0.16, 1Y correlation vs SPY=4.2%, 1Y max drawdown=-26.1%, 60D downside volatility=26.5%, ATR 14 as % price=4.5%, Prediction date=2026-10-13, Predicted price center=$2.52, 68% prediction low=$2.32, 68% prediction high=$2.75, Revenue=$23.72B, Revenue growth YoY=Unavailable, Gross profit=Unavailable, Gross margin=Unavailable, Operating income=Unavailable, Operating margin=Unavailable, Net income=$2.03B, Net margin=8.6%, Diluted EPS=0.20, EPS growth YoY=Unavailable, Operating cash flow=$4.93B, Capital expenditure=$3.36B, Free cash flow=$1.56B, FCF margin=6.6%, CFO / net income=2.42, Total assets=Unavailable, Total liabilities=Unavailable, Shareholders equity=$8.34B, Cash and equivalents=$528.00M, Total debt=Unavailable, Debt / equity=Unavailable, Cash / assets=Unavailable, Liabilities / assets=Unavailable, ROA=Unavailable, ROE=24.4%, P/E=12.50, P/S=Unavailable, P/B=Unavailable, P/FCF=Unavailable, EV/Sales=Unavailable, EV/EBITDA=Unavailable, R&D / sales=2.4%, SG&A / sales=Unavailable, Diluted share change YoY=Unavailable, Interest coverage=Unavailable"
2026-10-06T17:14:08+01:00,CRDO,Credo Technology Group Holding Ltd,$221.07,$235.98,2026-10-13,61,64,"Current price=$221.07, Market cap=$41.61B, Enterprise value=$40.45B, 20D avg dollar volume=$1.85B, 1D return=4.0%, 5D return=14.9%, 20D return=31.8%, 63D return=-14.5%, 126D return=107.0%, 252D return=53.7%, 63D relative strength vs SPY=-0.19, 50DMA=208.31, 200DMA=178.16, Price vs 50DMA=6.1%, Price vs 200DMA=24.1%, Distance from 52W high=-26.9%, Distance from 52W low=151.8%, RSI 14=77.30, 20D realized volatility=75.1%, 60D realized volatility=99.0%, 1Y beta vs SPY=3.28, 1Y correlation vs SPY=44.3%, 1Y max drawdown=-53.6%, 60D downside volatility=77.9%, ATR 14 as % price=6.0%, Prediction date=2026-10-13, Predicted price center=$235.98, 68% prediction low=$212.30, 68% prediction high=$262.32, Revenue=$1.34B, Revenue growth YoY=205.7%, Gross profit=$908.35M, Gross margin=68.0%, Operating income=$445.00M, Operating margin=33.3%, Net income=$472.28M, Net margin=35.4%, Diluted EPS=2.51, EPS growth YoY=765.5%, Operating cash flow=$464.29M, Capital expenditure=$57.30M, Free cash flow=$407.00M, FCF margin=30.5%, CFO / net income=0.98, Total assets=$2.30B, Total liabilities=$232.01M, Shareholders equity=$2.06B, Cash and equivalents=$1.16B, Total debt=Unavailable, Debt / equity=Unavailable, Cash / assets=50.7%, Liabilities / assets=10.1%, ROA=20.6%, ROE=22.9%, P/E=88.08, P/S=31.17, P/B=20.17, P/FCF=102.25, EV/Sales=30.30, EV/EBITDA=84.33, R&D / sales=20.9%, SG&A / sales=13.8%, Diluted share change YoY=3.9%, Interest coverage=Unavailable"
2026-10-06T17:14:08+01:00,DOCN,"DigitalOcean Holdings, Inc.",$133.44,$135.35,2026-10-13,63,64,"Current price=$133.44, Market cap=$14.06B, Enterprise value=$15.42B, 20D avg dollar volume=$346.53M, 1D return=-2.8%, 5D return=-1.2%, 20D return=5.3%, 63D return=-5.0%, 126D return=54.1%, 252D return=257.1%, 63D relative strength vs SPY=-0.10, 50DMA=125.28, 200DMA=106.32, Price vs 50DMA=6.5%, Price vs 200DMA=25.5%, Distance from 52W high=-26.4%, Distance from 52W low=257.8%, RSI 14=58.82, 20D realized volatility=67.3%, 60D realized volatility=83.2%, 1Y beta vs SPY=2.40, 1Y correlation vs SPY=38.2%, 1Y max drawdown=-42.2%, 60D downside volatility=39.4%, ATR 14 as % price=6.7%, Prediction date=2026-10-13, Predicted price center=$135.35, 68% prediction low=$123.10, 68% prediction high=$148.81, Revenue=$901.43M, Revenue growth YoY=339.9%, Gross profit=$539.59M, Gross margin=59.9%, Operating income=$156.99M, Operating margin=17.4%, Net income=$259.26M, Net margin=28.8%, Diluted EPS=2.52, EPS growth YoY=1226.3%, Operating cash flow=$309.60M, Capital expenditure=$129.09M, Free cash flow=$180.52M, FCF margin=20.0%, CFO / net income=1.19, Total assets=$1.84B, Total liabilities=$1.87B, Shareholders equity=$-28.69M, Cash and equivalents=$254.63M, Total debt=$1.62B, Debt / equity=-56.50, Cash / assets=13.9%, Liabilities / assets=101.6%, ROA=14.1%, ROE=-903.7%, P/E=52.95, P/S=15.59, P/B=-489.96, P/FCF=77.87, EV/Sales=17.11, EV/EBITDA=52.38, R&D / sales=17.9%, SG&A / sales=Unavailable, Diluted share change YoY=11.6%, Interest coverage=17.55"
2026-10-06T17:14:08+01:00,GOOGL,Alphabet Inc.,$348.74,$353.97,2026-10-13,61,64,"Current price=$348.74, Market cap=$4.27T, Enterprise value=$4.29T, 20D avg dollar volume=$9.33B, 1D return=0.7%, 5D return=2.3%, 20D return=3.1%, 63D return=-3.6%, 126D return=14.2%, 252D return=42.1%, 63D relative strength vs SPY=-0.08, 50DMA=345.34, 200DMA=339.38, Price vs 50DMA=1.0%, Price vs 200DMA=2.8%, Distance from 52W high=-13.4%, Distance from 52W low=47.4%, RSI 14=55.08, 20D realized volatility=25.9%, 60D realized volatility=34.9%, 1Y beta vs SPY=1.34, 1Y correlation vs SPY=55.4%, 1Y max drawdown=-21.1%, 60D downside volatility=26.3%, ATR 14 as % price=2.5%, Prediction date=2026-10-13, Predicted price center=$353.97, 68% prediction low=$341.28, 68% prediction high=$367.12, Revenue=$402.84B, Revenue growth YoY=15.1%, Gross profit=Unavailable, Gross margin=Unavailable, Operating income=$129.04B, Operating margin=32.0%, Net income=$132.17B, Net margin=32.8%, Diluted EPS=10.81, EPS growth YoY=34.5%, Operating cash flow=$164.71B, Capital expenditure=$91.45B, Free cash flow=$73.27B, FCF margin=18.2%, CFO / net income=1.25, Total assets=$595.28B, Total liabilities=$180.02B, Shareholders equity=$415.26B, Cash and equivalents=$30.71B, Total debt=$51.08B, Debt / equity=0.12, Cash / assets=5.2%, Liabilities / assets=30.2%, ROA=22.2%, ROE=31.8%, P/E=32.26, P/S=10.59, P/B=10.27, P/FCF=58.21, EV/Sales=10.64, EV/EBITDA=33.21, R&D / sales=15.2%, SG&A / sales=Unavailable, Diluted share change YoY=-1.7%, Interest coverage=418.96"
2026-10-06T17:14:08+01:00,HPE,Hewlett Packard Enterprise Company,$70.74,$75.35,2026-10-13,62,64,"Current price=$70.74, Market cap=$93.66B, Enterprise value=$113.34B, 20D avg dollar volume=$1.55B, 1D return=3.5%, 5D return=15.0%, 20D return=26.3%, 63D return=58.4%, 126D return=187.2%, 252D return=189.6%, 63D relative strength vs SPY=0.54, 50DMA=56.59, 200DMA=37.36, Price vs 50DMA=25.0%, Price vs 200DMA=89.4%, Distance from 52W high=0.0%, Distance from 52W low=253.7%, RSI 14=81.87, 20D realized volatility=78.2%, 60D realized volatility=63.8%, 1Y beta vs SPY=2.07, 1Y correlation vs SPY=47.5%, 1Y max drawdown=-26.6%, 60D downside volatility=39.0%, ATR 14 as % price=5.0%, Prediction date=2026-10-13, Predicted price center=$75.35, 68% prediction low=$67.49, 68% prediction high=$84.12, Revenue=$34.30B, Revenue growth YoY=13.8%, Gross profit=Unavailable, Gross margin=Unavailable, Operating income=$-437.00M, Operating margin=-1.3%, Net income=$57.00M, Net margin=0.2%, Diluted EPS=-0.04, EPS growth YoY=-102.1%, Operating cash flow=$2.92B, Capital expenditure=$2.29B, Free cash flow=$627.00M, FCF margin=1.8%, CFO / net income=51.21, Total assets=$75.91B, Total liabilities=$14.28B, Shareholders equity=$24.75B, Cash and equivalents=$5.86B, Total debt=$25.54B, Debt / equity=1.03, Cash / assets=7.7%, Liabilities / assets=18.8%, ROA=0.1%, ROE=0.2%, P/E=-1768.50, P/S=2.73, P/B=3.78, P/FCF=149.38, EV/Sales=3.30, EV/EBITDA=49.28, R&D / sales=7.3%, SG&A / sales=16.6%, Diluted share change YoY=-1.0%, Interest coverage=-0.40"
2026-10-06T17:14:08+01:00,JPM,JPMorgan Chase & Co.,$332.14,$328.93,2026-10-13,52,64,"Current price=$332.14, Market cap=$923.85B, Enterprise value=$913.17B, 20D avg dollar volume=$2.73B, 1D return=-0.1%, 5D return=-0.8%, 20D return=-6.0%, 63D return=0.5%, 126D return=11.7%, 252D return=7.1%, 63D relative strength vs SPY=-0.04, 50DMA=351.34, 200DMA=321.94, Price vs 50DMA=-5.5%, Price vs 200DMA=3.2%, Distance from 52W high=-9.0%, Distance from 52W low=17.4%, RSI 14=28.37, 20D realized volatility=17.9%, 60D realized volatility=18.2%, 1Y beta vs SPY=0.78, 1Y correlation vs SPY=45.5%, 1Y max drawdown=-15.5%, 60D downside volatility=14.5%, ATR 14 as % price=1.8%, Prediction date=2026-10-13, Predicted price center=$328.93, 68% prediction low=$320.72, 68% prediction high=$337.34, Revenue=$182.45B, Revenue growth YoY=2.8%, Gross profit=Unavailable, Gross margin=Unavailable, Operating income=Unavailable, Operating margin=Unavailable, Net income=$57.05B, Net margin=31.3%, Diluted EPS=20.02, EPS growth YoY=1.4%, Operating cash flow=$-147.78B, Capital expenditure=Unavailable, Free cash flow=Unavailable, FCF margin=Unavailable, CFO / net income=-2.59, Total assets=$4.42T, Total liabilities=$4.06T, Shareholders equity=$362.44B, Cash and equivalents=$343.34B, Total debt=$332.67B, Debt / equity=0.92, Cash / assets=7.8%, Liabilities / assets=91.8%, ROA=1.3%, ROE=15.7%, P/E=16.59, P/S=5.06, P/B=2.55, P/FCF=Unavailable, EV/Sales=5.01, EV/EBITDA=Unavailable, R&D / sales=Unavailable, SG&A / sales=Unavailable, Diluted share change YoY=-3.4%, Interest coverage=Unavailable"
2026-10-06T17:14:08+01:00,LITE,Lumentum Holdings Inc.,"$1,109.00","$1,138.55",2026-10-13,64,64,"Current price=$1,109.00, Market cap=$82.73B, Enterprise value=$82.33B, 20D avg dollar volume=$5.11B, 1D return=1.6%, 5D return=13.9%, 20D return=13.3%, 63D return=56.8%, 126D return=35.9%, 252D return=577.0%, 63D relative strength vs SPY=0.52, 50DMA=893.54, 200DMA=753.25, Price vs 50DMA=24.1%, Price vs 200DMA=47.2%, Distance from 52W high=0.0%, Distance from 52W low=641.3%, RSI 14=78.11, 20D realized volatility=69.1%, 60D realized volatility=94.1%, 1Y beta vs SPY=2.87, 1Y correlation vs SPY=38.6%, 1Y max drawdown=-42.8%, 60D downside volatility=52.4%, ATR 14 as % price=5.4%, Prediction date=2026-10-13, Predicted price center=$1,138.55, 68% prediction low=$1,032.97, 68% prediction high=$1,254.93, Revenue=$3.01B, Revenue growth YoY=83.2%, Gross profit=$1.26B, Gross margin=41.7%, Operating income=$524.80M, Operating margin=17.4%, Net income=$-6.94B, Net margin=-230.1%, Diluted EPS=-92.96, EPS growth YoY=-25224.3%, Operating cash flow=$751.40M, Capital expenditure=$451.30M, Free cash flow=$300.10M, FCF margin=10.0%, CFO / net income=-0.11, Total assets=$7.31B, Total liabilities=$2.66B, Shareholders equity=$4.64B, Cash and equivalents=$2.04B, Total debt=$1.64B, Debt / equity=0.35, Cash / assets=28.0%, Liabilities / assets=36.5%, ROA=-94.9%, ROE=-149.3%, P/E=-11.93, P/S=27.45, P/B=17.82, P/FCF=275.68, EV/Sales=27.31, EV/EBITDA=156.87, R&D / sales=11.8%, SG&A / sales=12.1%, Diluted share change YoY=7.2%, Interest coverage=14.78"
2026-10-06T17:14:08+01:00,LLY,Eli Lilly and Company,"$1,161.94","$1,175.08",2026-10-13,56,64,"Current price=$1,161.94, Market cap=$1.04T, Enterprise value=$1.08T, 20D avg dollar volume=$2.52B, 1D return=1.6%, 5D return=-1.9%, 20D return=3.4%, 63D return=-4.4%, 126D return=24.8%, 252D return=38.3%, 63D relative strength vs SPY=-0.09, 50DMA=1175.02, 200DMA=1074.86, Price vs 50DMA=-1.1%, Price vs 200DMA=8.1%, Distance from 52W high=-9.2%, Distance from 52W low=45.3%, RSI 14=58.24, 20D realized volatility=18.4%, 60D realized volatility=29.3%, 1Y beta vs SPY=0.29, 1Y correlation vs SPY=11.1%, 1Y max drawdown=-23.3%, 60D downside volatility=18.4%, ATR 14 as % price=2.8%, Prediction date=2026-10-13, Predicted price center=$1,175.08, 68% prediction low=$1,144.97, 68% prediction high=$1,205.97, Revenue=$65.18B, Revenue growth YoY=44.7%, Gross profit=Unavailable, Gross margin=Unavailable, Operating income=Unavailable, Operating margin=Unavailable, Net income=$20.64B, Net margin=31.7%, Diluted EPS=22.95, EPS growth YoY=96.0%, Operating cash flow=$16.81B, Capital expenditure=$300.30M, Free cash flow=$16.51B, FCF margin=25.3%, CFO / net income=0.81, Total assets=$112.48B, Total liabilities=Unavailable, Shareholders equity=$26.54B, Cash and equivalents=$7.27B, Total debt=$41.88B, Debt / equity=1.58, Cash / assets=6.5%, Liabilities / assets=Unavailable, ROA=18.4%, ROE=77.8%, P/E=50.63, P/S=16.03, P/B=39.38, P/FCF=63.28, EV/Sales=16.56, EV/EBITDA=Unavailable, R&D / sales=11.0%, SG&A / sales=17.0%, Diluted share change YoY=-0.5%, Interest coverage=Unavailable"
2026-10-06T17:14:08+01:00,LUNR,"Intuitive Machines, Inc.",$14.68,$14.24,2026-10-13,60,64,"Current price=$14.68, Market cap=$1.69B, Enterprise value=$1.44B, 20D avg dollar volume=$112.82M, 1D return=2.7%, 5D return=0.9%, 20D return=-6.4%, 63D return=-13.7%, 126D return=-35.4%, 252D return=28.3%, 63D relative strength vs SPY=-0.19, 50DMA=15.33, 200DMA=20.26, Price vs 50DMA=-4.2%, Price vs 200DMA=-27.5%, Distance from 52W high=-67.9%, Distance from 52W low=82.4%, RSI 14=54.66, 20D realized volatility=72.5%, 60D realized volatility=77.1%, 1Y beta vs SPY=3.58, 1Y correlation vs SPY=42.2%, 1Y max drawdown=-75.1%, 60D downside volatility=42.1%, ATR 14 as % price=7.3%, Prediction date=2026-10-13, Predicted price center=$14.24, 68% prediction low=$12.86, 68% prediction high=$15.77, Revenue=$207.13M, Revenue growth YoY=-9.2%, Gross profit=Unavailable, Gross margin=Unavailable, Operating income=$-87.23M, Operating margin=-42.1%, Net income=$-106.85M, Net margin=-51.6%, Diluted EPS=-0.73, EPS growth YoY=-115.8%, Operating cash flow=$-14.32M, Capital expenditure=$41.63M, Free cash flow=$-55.95M, FCF margin=-27.0%, CFO / net income=0.13, Total assets=$757.15M, Total liabilities=$553.45M, Shareholders equity=$-754.45M, Cash and equivalents=$585.34M, Total debt=$335.33M, Debt / equity=-0.44, Cash / assets=77.3%, Liabilities / assets=73.1%, ROA=-14.1%, ROE=14.2%, P/E=-20.11, P/S=8.18, P/B=-2.25, P/FCF=-30.28, EV/Sales=6.97, EV/EBITDA=-17.27, R&D / sales=0.4%, SG&A / sales=Unavailable, Diluted share change YoY=88.0%, Interest coverage=Unavailable"
2026-10-06T17:14:08+01:00,LYG,Lloyds Banking Group plc,$5.59,$5.49,2026-10-13,45,64,"Current price=$5.59, Market cap=Unavailable, Enterprise value=Unavailable, 20D avg dollar volume=$85.13M, 1D return=2.5%, 5D return=-1.7%, 20D return=-6.8%, 63D return=-5.2%, 126D return=7.6%, 252D return=21.9%, 63D relative strength vs SPY=-0.10, 50DMA=5.95, 200DMA=5.62, Price vs 50DMA=-5.9%, Price vs 200DMA=-0.4%, Distance from 52W high=-10.9%, Distance from 52W low=26.6%, RSI 14=38.65, 20D realized volatility=26.8%, 60D realized volatility=27.3%, 1Y beta vs SPY=1.37, 1Y correlation vs SPY=60.4%, 1Y max drawdown=-22.7%, 60D downside volatility=13.1%, ATR 14 as % price=2.2%, Prediction date=2026-10-13, Predicted price center=$5.49, 68% prediction low=$5.29, 68% prediction high=$5.70, Revenue=$18.63B, Revenue growth YoY=Unavailable, Gross profit=Unavailable, Gross margin=Unavailable, Operating income=Unavailable, Operating margin=Unavailable, Net income=$5.52B, Net margin=29.6%, Diluted EPS=0.07, EPS growth YoY=Unavailable, Operating cash flow=$6.81B, Capital expenditure=$3.96B, Free cash flow=$2.85B, FCF margin=15.3%, CFO / net income=1.23, Total assets=$906.70B, Total liabilities=$860.81B, Shareholders equity=$43.91B, Cash and equivalents=$95.83B, Total debt=Unavailable, Debt / equity=Unavailable, Cash / assets=10.6%, Liabilities / assets=94.9%, ROA=0.6%, ROE=12.6%, P/E=74.60, P/S=Unavailable, P/B=Unavailable, P/FCF=Unavailable, EV/Sales=Unavailable, EV/EBITDA=Unavailable, R&D / sales=Unavailable, SG&A / sales=Unavailable, Diluted share change YoY=Unavailable, Interest coverage=Unavailable"
2026-10-06T17:14:08+01:00,META,"Meta Platforms, Inc.",$742.39,$784.52,2026-10-13,61,64,"Current price=$742.39, Market cap=$1.91T, Enterprise value=$1.93T, 20D avg dollar volume=$17.04B, 1D return=0.1%, 5D return=0.5%, 20D return=21.0%, 63D return=23.1%, 126D return=29.1%, 252D return=4.5%, 63D relative strength vs SPY=0.18, 50DMA=630.94, 200DMA=629.27, Price vs 50DMA=17.7%, Price vs 200DMA=18.0%, Distance from 52W high=-4.5%, Distance from 52W low=41.2%, RSI 14=63.15, 20D realized volatility=55.1%, 60D realized volatility=45.7%, 1Y beta vs SPY=1.45, 1Y correlation vs SPY=45.4%, 1Y max drawdown=-30.1%, 60D downside volatility=30.6%, ATR 14 as % price=3.8%, Prediction date=2026-10-13, Predicted price center=$784.52, 68% prediction low=$725.90, 68% prediction high=$847.89, Revenue=$200.97B, Revenue growth YoY=22.2%, Gross profit=Unavailable, Gross margin=Unavailable, Operating income=$83.28B, Operating margin=41.4%, Net income=$60.46B, Net margin=30.1%, Diluted EPS=23.49, EPS growth YoY=-1.6%, Operating cash flow=$115.80B, Capital expenditure=$69.69B, Free cash flow=$46.11B, FCF margin=22.9%, CFO / net income=1.92, Total assets=$366.02B, Total liabilities=$148.78B, Shareholders equity=$217.24B, Cash and equivalents=$39.10B, Total debt=$58.74B, Debt / equity=0.27, Cash / assets=10.7%, Liabilities / assets=40.6%, ROA=16.5%, ROE=27.8%, P/E=31.60, P/S=9.51, P/B=8.80, P/FCF=41.44, EV/Sales=9.61, EV/EBITDA=18.95, R&D / sales=28.5%, SG&A / sales=Unavailable, Diluted share change YoY=-1.5%, Interest coverage=186.72"
2026-10-06T17:14:08+01:00,MSFT,Microsoft Corporation,$532.49,$549.56,2026-10-13,63,64,"Current price=$532.49, Market cap=$3.97T, Enterprise value=$4.00T, 20D avg dollar volume=$11.26B, 1D return=1.4%, 5D return=4.6%, 20D return=7.8%, 63D return=38.9%, 126D return=43.0%, 252D return=2.9%, 63D relative strength vs SPY=0.34, 50DMA=493.46, 200DMA=433.36, Price vs 50DMA=7.9%, Price vs 200DMA=22.9%, Distance from 52W high=-1.8%, Distance from 52W low=50.9%, RSI 14=77.29, 20D realized volatility=20.9%, 60D realized volatility=38.5%, 1Y beta vs SPY=0.97, 1Y correlation vs SPY=38.8%, 1Y max drawdown=-34.9%, 60D downside volatility=11.9%, ATR 14 as % price=2.3%, Prediction date=2026-10-13, Predicted price center=$549.56, 68% prediction low=$533.59, 68% prediction high=$566.01, Revenue=$331.84B, Revenue growth YoY=17.8%, Gross profit=$225.47B, Gross margin=67.9%, Operating income=$155.24B, Operating margin=46.8%, Net income=$133.75B, Net margin=40.3%, Diluted EPS=17.95, EPS growth YoY=31.6%, Operating cash flow=$182.94B, Capital expenditure=$115.95B, Free cash flow=$66.99B, FCF margin=20.2%, CFO / net income=1.37, Total assets=$758.38B, Total liabilities=$315.99B, Shareholders equity=$442.39B, Cash and equivalents=$20.93B, Total debt=$49.52B, Debt / equity=0.11, Cash / assets=2.8%, Liabilities / assets=41.7%, ROA=17.6%, ROE=30.2%, P/E=29.67, P/S=11.96, P/B=8.97, P/FCF=59.25, EV/Sales=12.05, EV/EBITDA=25.75, R&D / sales=10.7%, SG&A / sales=Unavailable, Diluted share change YoY=-0.2%, Interest coverage=52.89"
2026-10-06T17:14:08+01:00,NBIS,Nebius Group N.V.,$251.95,$255.28,2026-10-13,52,64,"Current price=$251.95, Market cap=Unavailable, Enterprise value=Unavailable, 20D avg dollar volume=$3.76B, 1D return=8.3%, 5D return=6.1%, 20D return=3.3%, 63D return=16.4%, 126D return=114.6%, 252D return=96.9%, 63D relative strength vs SPY=0.12, 50DMA=221.03, 200DMA=169.38, Price vs 50DMA=14.0%, Price vs 200DMA=48.7%, Distance from 52W high=-12.1%, Distance from 52W low=241.1%, RSI 14=68.44, 20D realized volatility=63.2%, 60D realized volatility=127.0%, 1Y beta vs SPY=3.50, 1Y correlation vs SPY=42.9%, 1Y max drawdown=-48.3%, 60D downside volatility=72.8%, ATR 14 as % price=6.3%, Prediction date=2026-10-13, Predicted price center=$255.28, 68% prediction low=$233.52, 68% prediction high=$279.07, Revenue=$9.80M, Revenue growth YoY=Unavailable, Gross profit=Unavailable, Gross margin=Unavailable, Operating income=$-285.70M, Operating margin=-2915.3%, Net income=$241.30M, Net margin=2462.2%, Diluted EPS=0.65, EPS growth YoY=Unavailable, Operating cash flow=$829.80M, Capital expenditure=$82.90M, Free cash flow=$746.90M, FCF margin=7621.4%, CFO / net income=3.44, Total assets=$3.55B, Total liabilities=$294.90M, Shareholders equity=$3.25B, Cash and equivalents=$110.70M, Total debt=$4.11B, Debt / equity=1.26, Cash / assets=3.1%, Liabilities / assets=8.3%, ROA=6.8%, ROE=7.4%, P/E=387.62, P/S=Unavailable, P/B=Unavailable, P/FCF=Unavailable, EV/Sales=Unavailable, EV/EBITDA=Unavailable, R&D / sales=888.8%, SG&A / sales=1627.6%, Diluted share change YoY=Unavailable, Interest coverage=-0.08"
2026-10-06T17:14:08+01:00,NVDA,NVIDIA Corporation,$241.35,$248.68,2026-10-13,64,64,"Current price=$241.35, Market cap=$5.92T, Enterprise value=$5.92T, 20D avg dollar volume=$25.52B, 1D return=1.0%, 5D return=6.2%, 20D return=6.9%, 63D return=18.2%, 126D return=35.5%, 252D return=28.6%, 63D relative strength vs SPY=0.13, 50DMA=219.82, 200DMA=201.37, Price vs 50DMA=9.8%, Price vs 200DMA=19.9%, Distance from 52W high=0.0%, Distance from 52W low=46.1%, RSI 14=84.90, 20D realized volatility=24.4%, 60D realized volatility=37.2%, 1Y beta vs SPY=1.87, 1Y correlation vs SPY=64.9%, 1Y max drawdown=-20.2%, 60D downside volatility=22.5%, ATR 14 as % price=2.2%, Prediction date=2026-10-13, Predicted price center=$248.68, 68% prediction low=$240.26, 68% prediction high=$257.39, Revenue=$215.94B, Revenue growth YoY=65.5%, Gross profit=$153.46B, Gross margin=71.1%, Operating income=$130.39B, Operating margin=60.4%, Net income=$120.07B, Net margin=55.6%, Diluted EPS=4.90, EPS growth YoY=66.7%, Operating cash flow=$102.72B, Capital expenditure=$6.04B, Free cash flow=$96.68B, FCF margin=44.8%, CFO / net income=0.86, Total assets=$206.80B, Total liabilities=$49.51B, Shareholders equity=$157.29B, Cash and equivalents=$10.61B, Total debt=$9.47B, Debt / equity=0.06, Cash / assets=5.1%, Liabilities / assets=23.9%, ROA=58.1%, ROE=76.3%, P/E=49.26, P/S=27.40, P/B=37.62, P/FCF=61.20, EV/Sales=27.39, EV/EBITDA=44.40, R&D / sales=8.6%, SG&A / sales=2.1%, Diluted share change YoY=-1.2%, Interest coverage=507.34"
2026-10-06T17:14:08+01:00,OSCR,"Oscar Health, Inc.",$32.46,$32.23,2026-10-13,61,64,"Current price=$32.46, Market cap=$8.52B, Enterprise value=$6.14B, 20D avg dollar volume=$176.08M, 1D return=0.1%, 5D return=9.0%, 20D return=-1.7%, 63D return=5.3%, 126D return=150.2%, 252D return=49.8%, 63D relative strength vs SPY=0.01, 50DMA=30.93, 200DMA=22.10, Price vs 50DMA=4.9%, Price vs 200DMA=46.9%, Distance from 52W high=-4.0%, Distance from 52W low=199.1%, RSI 14=50.62, 20D realized volatility=45.3%, 60D realized volatility=56.3%, 1Y beta vs SPY=1.38, 1Y correlation vs SPY=26.3%, 1Y max drawdown=-51.7%, 60D downside volatility=38.7%, ATR 14 as % price=4.8%, Prediction date=2026-10-13, Predicted price center=$32.23, 68% prediction low=$30.24, 68% prediction high=$34.36, Revenue=$28.59M, Revenue growth YoY=39.0%, Gross profit=Unavailable, Gross margin=Unavailable, Operating income=$-396.36M, Operating margin=-1386.2%, Net income=$-442.90M, Net margin=-1549.0%, Diluted EPS=-1.69, EPS growth YoY=-1790.0%, Operating cash flow=$1.09B, Capital expenditure=$36.37M, Free cash flow=$1.06B, FCF margin=3701.9%, CFO / net income=-2.47, Total assets=$6.33B, Total liabilities=$5.34B, Shareholders equity=$980.74M, Cash and equivalents=$2.80B, Total debt=$430.10M, Debt / equity=0.44, Cash / assets=44.3%, Liabilities / assets=84.5%, ROA=-7.0%, ROE=-45.2%, P/E=-19.20, P/S=297.83, P/B=8.68, P/FCF=8.05, EV/Sales=214.80, EV/EBITDA=-16.71, R&D / sales=Unavailable, SG&A / sales=7169.1%, Diluted share change YoY=-1.3%, Interest coverage=-16.11"
2026-10-06T17:14:08+01:00,RBRK,"Rubrik, Inc.",$125.77,$136.51,2026-10-13,62,64,"Current price=$125.77, Market cap=$24.71B, Enterprise value=$24.64B, 20D avg dollar volume=$392.96M, 1D return=2.5%, 5D return=9.6%, 20D return=37.3%, 63D return=49.0%, 126D return=138.3%, 252D return=51.9%, 63D relative strength vs SPY=0.44, 50DMA=98.19, 200DMA=72.34, Price vs 50DMA=28.1%, Price vs 200DMA=73.8%, Distance from 52W high=0.0%, Distance from 52W low=187.1%, RSI 14=77.46, 20D realized volatility=62.8%, 60D realized volatility=71.6%, 1Y beta vs SPY=1.59, 1Y correlation vs SPY=32.0%, 1Y max drawdown=-52.0%, 60D downside volatility=46.0%, ATR 14 as % price=4.0%, Prediction date=2026-10-13, Predicted price center=$136.51, 68% prediction low=$124.95, 68% prediction high=$149.13, Revenue=$1.32B, Revenue growth YoY=48.5%, Gross profit=$1.05B, Gross margin=80.1%, Operating income=$-345.42M, Operating margin=-26.2%, Net income=$-348.83M, Net margin=-26.5%, Diluted EPS=-1.78, EPS growth YoY=-123.8%, Operating cash flow=$282.91M, Capital expenditure=$29.63M, Free cash flow=$253.28M, FCF margin=19.2%, CFO / net income=-0.81, Total assets=$2.77B, Total liabilities=$3.29B, Shareholders equity=$-519.56M, Cash and equivalents=$392.74M, Total debt=$322.34M, Debt / equity=-0.62, Cash / assets=14.2%, Liabilities / assets=118.8%, ROA=-12.6%, ROE=67.1%, P/E=-70.66, P/S=18.77, P/B=-47.56, P/FCF=97.56, EV/Sales=18.72, EV/EBITDA=-79.92, R&D / sales=28.4%, SG&A / sales=Unavailable, Diluted share change YoY=27.3%, Interest coverage=Unavailable"
2026-10-06T17:14:08+01:00,SITM,SiTime Corporation,$707.95,$736.08,2026-10-13,64,64,"Current price=$707.95, Market cap=$17.68B, Enterprise value=$17.70B, 20D avg dollar volume=$331.28M, 1D return=-0.3%, 5D return=8.7%, 20D return=18.2%, 63D return=15.7%, 126D return=90.6%, 252D return=129.7%, 63D relative strength vs SPY=0.11, 50DMA=617.17, 200DMA=532.36, Price vs 50DMA=14.7%, Price vs 200DMA=33.0%, Distance from 52W high=-21.5%, Distance from 52W low=180.1%, RSI 14=82.63, 20D realized volatility=71.1%, 60D realized volatility=90.8%, 1Y beta vs SPY=2.93, 1Y correlation vs SPY=45.5%, 1Y max drawdown=-48.7%, 60D downside volatility=52.6%, ATR 14 as % price=4.9%, Prediction date=2026-10-13, Predicted price center=$736.08, 68% prediction low=$665.96, 68% prediction high=$813.58, Revenue=$326.66M, Revenue growth YoY=61.2%, Gross profit=$174.99M, Gross margin=53.6%, Operating income=$-66.98M, Operating margin=-20.5%, Net income=$-42.90M, Net margin=-13.1%, Diluted EPS=-1.72, EPS growth YoY=-142.5%, Operating cash flow=$87.15M, Capital expenditure=$52.03M, Free cash flow=$35.13M, FCF margin=10.8%, CFO / net income=-2.03, Total assets=$1.29B, Total liabilities=$138.52M, Shareholders equity=$1.16B, Cash and equivalents=$16.76M, Total debt=$41.00M, Debt / equity=0.04, Cash / assets=1.3%, Liabilities / assets=10.7%, ROA=-3.3%, ROE=-3.7%, P/E=-411.60, P/S=54.11, P/B=15.29, P/FCF=503.20, EV/Sales=54.18, EV/EBITDA=-660.71, R&D / sales=36.4%, SG&A / sales=35.7%, Diluted share change YoY=8.0%, Interest coverage=-92.26"
2026-10-06T17:14:08+01:00,SNOW,Snowflake Inc.,$337.96,$338.12,2026-10-13,60,64,"Current price=$337.96, Market cap=$114.06B, Enterprise value=$111.19B, 20D avg dollar volume=$1.35B, 1D return=-0.3%, 5D return=2.3%, 20D return=0.7%, 63D return=29.3%, 126D return=126.5%, 252D return=43.8%, 63D relative strength vs SPY=0.25, 50DMA=326.41, 200DMA=229.19, Price vs 50DMA=3.5%, Price vs 200DMA=47.5%, Distance from 52W high=-5.2%, Distance from 52W low=179.1%, RSI 14=56.51, 20D realized volatility=24.5%, 60D realized volatility=46.9%, 1Y beta vs SPY=1.29, 1Y correlation vs SPY=27.1%, 1Y max drawdown=-56.3%, 60D downside volatility=20.5%, ATR 14 as % price=3.7%, Prediction date=2026-10-13, Predicted price center=$338.12, 68% prediction low=$326.64, 68% prediction high=$350.00, Revenue=$4.68B, Revenue growth YoY=29.2%, Gross profit=$3.15B, Gross margin=67.2%, Operating income=$-1.44B, Operating margin=-30.6%, Net income=$-1.33B, Net margin=-28.4%, Diluted EPS=-3.95, EPS growth YoY=-202.3%, Operating cash flow=$1.22B, Capital expenditure=$101.63M, Free cash flow=$1.12B, FCF margin=23.9%, CFO / net income=-0.92, Total assets=$9.13B, Total liabilities=$7.21B, Shareholders equity=$1.92B, Cash and equivalents=$2.86B, Total debt=Unavailable, Debt / equity=Unavailable, Cash / assets=31.4%, Liabilities / assets=78.9%, ROA=-14.6%, ROE=-69.1%, P/E=-85.56, P/S=24.35, P/B=59.28, P/FCF=101.81, EV/Sales=23.74, EV/EBITDA=-91.54, R&D / sales=42.0%, SG&A / sales=Unavailable, Diluted share change YoY=1.4%, Interest coverage=Unavailable"
2026-10-06T17:14:08+01:00,TSLA,"Tesla, Inc.",$380.83,$377.43,2026-10-13,64,64,"Current price=$380.83, Market cap=$1.34T, Enterprise value=$1.33T, 20D avg dollar volume=$13.37B, 1D return=0.6%, 5D return=7.9%, 20D return=3.4%, 63D return=-3.4%, 126D return=9.9%, 252D return=-11.4%, 63D relative strength vs SPY=-0.08, 50DMA=350.33, 200DMA=392.19, Price vs 50DMA=8.7%, Price vs 200DMA=-2.9%, Distance from 52W high=-22.3%, Distance from 52W low=27.7%, RSI 14=63.78, 20D realized volatility=29.8%, 60D realized volatility=50.7%, 1Y beta vs SPY=2.24, 1Y correlation vs SPY=63.1%, 1Y max drawdown=-39.1%, 60D downside volatility=45.1%, ATR 14 as % price=3.1%, Prediction date=2026-10-13, Predicted price center=$377.43, 68% prediction low=$361.94, 68% prediction high=$393.58, Revenue=$94.83B, Revenue growth YoY=-2.9%, Gross profit=$17.09B, Gross margin=18.0%, Operating income=$4.36B, Operating margin=4.6%, Net income=$3.85B, Net margin=4.1%, Diluted EPS=1.08, EPS growth YoY=-47.1%, Operating cash flow=$14.75B, Capital expenditure=$8.53B, Free cash flow=$6.22B, FCF margin=6.6%, CFO / net income=3.83, Total assets=$137.81B, Total liabilities=$54.94B, Shareholders equity=$82.81B, Cash and equivalents=$16.51B, Total debt=$6.63B, Debt / equity=0.08, Cash / assets=12.0%, Liabilities / assets=39.9%, ROA=2.8%, ROE=4.7%, P/E=352.62, P/S=14.17, P/B=16.23, P/FCF=216.01, EV/Sales=14.06, EV/EBITDA=260.27, R&D / sales=6.8%, SG&A / sales=6.2%, Diluted share change YoY=0.9%, Interest coverage=27.92"
2026-10-06T17:14:08+01:00,ZETA,Zeta Global Holdings Corp.,$33.27,$34.02,2026-10-13,61,64,"Current price=$33.27, Market cap=$7.34B, Enterprise value=$7.22B, 20D avg dollar volume=$183.49M, 1D return=1.2%, 5D return=14.9%, 20D return=8.1%, 63D return=53.6%, 126D return=111.7%, 252D return=72.1%, 63D relative strength vs SPY=0.49, 50DMA=28.97, 200DMA=21.42, Price vs 50DMA=14.9%, Price vs 200DMA=55.3%, Distance from 52W high=0.0%, Distance from 52W low=128.7%, RSI 14=65.06, 20D realized volatility=39.7%, 60D realized volatility=57.3%, 1Y beta vs SPY=2.24, 1Y correlation vs SPY=44.4%, 1Y max drawdown=-40.4%, 60D downside volatility=23.9%, ATR 14 as % price=4.5%, Prediction date=2026-10-13, Predicted price center=$34.02, 68% prediction low=$32.17, 68% prediction high=$35.98, Revenue=$1.30B, Revenue growth YoY=29.7%, Gross profit=Unavailable, Gross margin=Unavailable, Operating income=$5.37M, Operating margin=0.4%, Net income=$-31.51M, Net margin=-2.4%, Diluted EPS=-0.14, EPS growth YoY=-136.8%, Operating cash flow=$198.90M, Capital expenditure=$13.81M, Free cash flow=$185.09M, FCF margin=14.2%, CFO / net income=-6.31, Total assets=$1.50B, Total liabilities=$698.93M, Shareholders equity=$804.59M, Cash and equivalents=$319.76M, Total debt=$197.08M, Debt / equity=0.24, Cash / assets=21.3%, Liabilities / assets=46.5%, ROA=-2.1%, ROE=-3.9%, P/E=-237.66, P/S=5.63, P/B=9.13, P/FCF=39.68, EV/Sales=5.53, EV/EBITDA=1344.25, R&D / sales=9.0%, SG&A / sales=Unavailable, Diluted share change YoY=18.7%, Interest coverage=14.48"
